tag_id,tag_name,tag_count
1,comments,198
3,code-smell,165
4,programming-languages,1383
5,usage,8
7,business,126
8,project-management,917
9,development-process,718
11,performance,819
12,time-management,87
13,dynamic-typing,98
14,static-typing,80
16,team,222
23,waterfall,49
28,functional-programming,726
36,web-applications,1059
38,hiring,58
40,resources,105
41,math,283
45,billing,20
46,freelancing,205
47,pricing,55
49,twitter,22
50,software,306
51,technology,46
52,books,124
53,actor-model,46
54,concurrency,362
55,code-quality,638
56,test-coverage,73
57,open-source,909
58,history,338
61,linux,293
62,kernel,37
63,resume,33
65,agile,1127
67,project-hosting,23
71,productivity,354
76,java,4848
78,python,1925
82,applications,103
83,tools,113
87,telecommuting,11
89,self-improvement,235
91,websites,176
92,organization,128
94,technique,27
96,social,11
102,language-design,478
104,syntax,191
105,learning,355
109,regular-expressions,89
110,web-development,1535
111,ide,137
114,windows,320
117,goto,15
118,programming-practices,1563
119,operating-systems,229
120,managed-code,12
121,stereotypes,2
126,behavior,25
130,language-agnostic,543
131,features,39
132,estimation,259
133,indentation,27
136,coding,91
140,computer-science,193
141,php,2039
142,skills,160
144,languages,91
145,database-development,108
146,spring,291
147,sql,740
150,list,96
151,reference,47
157,unit-testing,1715
158,testing,1428
159,acceptance-testing,97
164,software-patent,17
167,internet-explorer,25
168,mac,46
169,deployment,315
170,physics,15
174,hardware,148
178,paradigms,99
180,macros,44
187,logging,261
188,.net,1422
189,text-editor,47
190,ethics,92
191,motivation,33
192,testers,7
194,sales,20
198,architect,12
200,paas,8
201,passwords,105
202,security,881
208,gpl,496
211,apple,50
212,cpu,119
214,iphone,130
215,mobile,298
216,marketing,23
220,government,7
224,saml,13
226,asp.net,623
229,object-oriented,3277
230,aspect-oriented,40
231,adfsv2,2
234,sso,29
236,code-reuse,176
239,uml,609
242,iterative-development,22
243,experience,96
246,code-contracts,12
249,c#,4819
250,vb.net,129
251,scheme,59
252,lisp,111
255,error-messages,66
258,etymology,24
264,vim,15
266,prediction,8
267,culture,32
268,emacs,17
270,google,81
271,search-engine,49
274,focus,2
277,flowchart,33
279,coding-standards,541
280,interview,289
281,browser,95
282,front-end,159
285,spoken-languages,22
287,html,420
288,css,277
294,management,253
300,erp,24
301,users,78
304,openid,31
311,algorithms,2169
312,complexity,218
315,jargon,14
318,project,127
335,stackoverflow,12
336,mistakes,15
338,language-features,149
340,joel-test,12
341,code-complete,20
344,mvc,941
347,development-cycle,8
348,release,87
353,ideology,2
354,economics,11
355,profession,6
357,scrum,738
359,version-control,954
362,free-time,13
363,communication,226
365,visual-studio-2010,51
367,pseudocode,38
374,builds,175
375,meetings,28
377,comparison,111
378,problem-solving,88
380,recognition,12
383,scope-creep,8
385,social-networks,35
388,solo-development,62
390,cobol,17
391,design-patterns,4300
392,singleton,138
394,teaching,12
395,fonts,18
399,pair-programming,51
404,artificial-intelligence,135
407,philosophy,34
408,code-reviews,354
409,frameworks,303
413,contribution,23
414,variables,201
416,product-names,4
417,time,86
421,operators,85
422,f#,80
427,bad-code,28
429,terminology,750
430,inheritance,554
431,versioning,320
432,semantics,76
437,scalability,204
441,pointers,137
444,osx,24
447,iterator,67
450,parallelism,92
451,exceptions,481
453,product,22
457,statistics,60
459,actionscript,19
467,feedback,15
469,etiquette,30
470,portability,41
471,ruby-on-rails,280
472,jquery,214
477,education,125
478,software-craftsmanship,16
480,training,46
482,c,1272
483,objective-c,193
484,cms,74
485,scripting,132
488,outsourcing,40
491,scala,239
492,migration,107
494,information,33
495,overload,14
498,wpf,259
499,standardization,31
501,beta,15
502,ruby,288
503,google-app-engine,62
506,virtualization,34
508,c++,2659
511,go,134
527,maintenance,207
529,research,49
530,vulnerabilities,14
533,senior-developer,13
536,tracking,26
539,file-structure,76
541,minimal-requirements,4
544,top-companies,2
548,structural-programming,3
551,credits,8
557,mainframe,14
558,intel,10
559,errors,55
560,nosql,222
561,bash,37
563,perl,69
566,xml,256
567,documentation,621
571,mocking,183
574,articles,6
575,sorting,199
577,media,8
579,refactoring,720
580,mysql,517
581,declarative-programming,24
584,shortcuts,4
587,financial,33
590,development-methodologies,132
591,oracle,76
595,failure,25
598,libraries,375
599,collaboration,88
602,orm,274
603,django,207
604,javafx,36
608,recruiting,7
609,design,5001
615,web-tools,2
617,syntax-highlight,10
619,writing,21
622,multi-core,24
626,data-types,148
627,cowboy-coding,9
628,visual-basic,25
633,budget,15
638,plugins,68
639,mercurial,108
641,distributed-computing,158
643,basic,15
644,contract,52
646,interruptions,2
649,stories,12
650,product-owner,48
651,microsoft,82
655,delphi,65
659,load-testing,14
660,notepad++,4
661,customer-relations,55
667,platforms,14
669,wcf,162
671,puzzles,20
673,cryptography,62
676,support,39
680,conditions,124
681,naming,640
682,github,349
687,optimization,385
688,jit,33
690,prototyping,73
691,automation,112
694,functions,311
696,implementations,99
700,bsd,14
703,industry,14
704,computer-architecture,61
717,changes,28
728,services,113
730,jdbc,32
732,mono,33
734,eclipse,58
735,visual-studio,247
736,distributed-development,34
738,free-software,45
740,binary,87
742,code-generation,60
746,requirements,375
748,azure,151
751,amazon-ec2,30
755,javascript,2085
756,programming-logic,58
761,language-choice,36
762,cross-platform,135
765,enterprise-architecture,306
768,software-updates,64
772,forward-compatibility,4
775,workflows,255
781,obfuscation,26
785,hacking,22
787,silverlight,70
788,formal-methods,21
790,architecture,3370
791,gui,248
798,personal-projects,53
802,user-group,7
803,community,19
808,strings,196
809,debugging,246
811,knowledge,18
813,dvcs,70
815,sharepoint,14
817,coding-style,1021
818,kanban,49
819,quality-attributes,16
829,entity,124
834,modules,136
837,ipad,19
838,games,26
840,copyright,179
845,professionalism,21
847,database,2057
848,sequence,24
849,product-features,28
855,lgpl,121
856,composition,166
857,headers,76
868,time-stamp,9
869,legal,262
871,relationships,63
872,smalltalk,17
873,web,249
874,soa,163
876,time-tracking,19
879,third-party-libraries,112
883,clean-code,493
886,jruby,7
887,groovy,35
889,jvm,77
890,iis7,7
892,codeplex,4
897,db2,12
898,mind-mapping,5
899,anti-patterns,225
901,web-2.0,3
903,labels,6
905,specifications,161
907,big-o,133
910,email,122
913,static-analysis,54
914,hungarian,9
915,notation,22
919,internationalization,104
920,entity-framework,371
921,message-queue,229
927,elance,3
928,side-effect,43
929,reverse-engineering,33
931,async,160
933,assertions,45
935,meta-programming,29
947,switch-statement,57
948,netbeans,16
950,end-user-programming,3
954,html5,183
955,flash,33
956,unicode,63
957,ajax,184
958,trac,4
959,construction,19
962,planning,146
963,interpreters,94
968,performance-tools,5
969,stress-testing,4
971,wordpress,38
972,sprint,106
973,sap,8
974,abap,4
978,downtime,6
980,domain-model,326
981,remote-desktop,7
983,profiling,38
988,code-formatting,59
993,seo,19
995,clang,15
996,llvm,14
997,specialization,8
998,sql-server,348
1000,mfc,12
1001,qt,115
1002,ui,125
1003,directx,6
1004,opengl,60
1005,web-framework,81
1007,case-studies,7
1008,api,1254
1010,grammar,61
1018,utilities,15
1020,hosting,32
1021,web-hosting,26
1022,identity,46
1024,lean,22
1025,installer,48
1026,dependency-analysis,20
1027,project-structure,188
1037,web-services,603
1038,etl,49
1040,selenium,55
1041,gwt,20
1042,android,587
1043,workaround,3
1044,vaadin,2
1046,keyboard-shortcuts,7
1051,jpa,59
1053,usage-statistics,12
1054,benchmarking,40
1055,ms-pl,8
1057,graphics,99
1058,diagrams,150
1059,efficiency,180
1061,cluster,55
1062,visual-basic-6,18
1066,deadlines,22
1069,access-modifiers,41
1070,encryption,135
1074,methods,195
1076,desktop,6
1082,presentation,26
1083,product-management,21
1087,abstraction,214
1088,environment,38
1090,recursion,165
1092,jsp,39
1093,site-blocking,3
1095,nhibernate,31
1098,tdd,649
1099,foss,27
1102,intellij,11
1103,validation,270
1104,control-structures,41
1107,facebook,34
1109,software-as-a-service,82
1110,teamwork,363
1112,domain-driven-design,1514
1113,solid,381
1114,pragmatism,13
1115,assembly,167
1116,low-level,71
1118,branching,243
1119,scheduling,120
1122,configuration,198
1123,gantt-chart,4
1124,e-commerce,87
1128,rest,1511
1130,accessibility,11
1132,mockups,9
1133,quality,123
1137,access,24
1139,entrepreneurship,7
1143,chrome,33
1144,theory,158
1145,type-casting,68
1147,rdbms,66
1148,persistence,129
1149,xaml,32
1151,monodroid,6
1153,apache,60
1157,linq,88
1158,lambda,90
1160,wiki,15
1161,redmine,6
1162,advantages,3
1163,technical-debt,80
1164,ios,410
1165,team-leader,65
1170,team-building,23
1171,activity,35
1173,diff,20
1175,erlang,40
1176,symbian,2
1177,gui-design,25
1178,enum,128
1183,sdlc,95
1185,delimited-files,3
1186,file-handling,161
1188,stored-procedures,61
1189,packages,138
1191,product-design,3
1193,metrics,98
1194,web-browser,25
1195,terms-of-service,11
1197,internet,33
1198,myth,3
1199,messaging,96
1201,pubsub,62
1202,middleware,44
1207,distribution,57
1209,haskell,258
1214,ebook,8
1222,data,439
1223,usability,37
1226,professional-development,13
1237,enterprise-development,51
1243,cassandra,22
1246,review,31
1247,mentor,10
1249,manuals,6
1250,production,68
1251,legacy,115
1252,dll,49
1253,ansi,8
1255,iso,23
1257,captcha,9
1259,reinventing-the-wheel,13
1260,unions,8
1261,code-organization,108
1265,svn,226
1266,attributes,23
1267,modeling,226
1269,networking,241
1273,software-evaluation,12
1274,mef,10
1275,code-layout,11
1276,whitespace,19
1280,user-control,19
1281,desktop-application,93
1282,robotics,12
1283,difference,22
1285,garbage-collection,107
1286,smart-pointer,34
1287,readability,195
1290,asp.net-mvc,554
1291,methodology,113
1294,user-interface,203
1296,porting,48
1301,winforms,108
1302,application-design,140
1310,pitfalls,5
1313,app,56
1315,invariants,24
1321,aesthetics,2
1322,declarative,9
1331,data-structures,877
1332,binary-tree,54
1333,idioms,38
1334,business-logic,169
1335,business-rules,64
1336,rules-and-constraints,40
1337,constructs,3
1338,documentation-generation,52
1339,wysiwyg,7
1343,visual-c++,23
1344,compiler,478
1345,design-principles,67
1346,data-mining,27
1348,nunit,22
1349,xhtml,18
1350,windows-phone-7,32
1351,licensing,1339
1354,mvvm,269
1356,system-reliability,22
1357,sockets,132
1366,import,32
1368,git,1133
1370,bug,141
1377,encapsulation,202
1378,chart,7
1381,android-market,22
1384,clearcase,7
1385,mdd,12
1386,lazy-initialization,37
1387,type-systems,163
1390,flex,12
1391,bdd,140
1393,source-code,269
1396,handheld,2
1402,copy-paste-programming,11
1407,concepts,117
1408,software-schedules,8
1412,qa,121
1413,aptana,2
1416,zend-framework,45
1417,cakephp,17
1418,codeigniter,42
1422,imagemagick,3
1424,grails,22
1426,64-bit,20
1427,32-bit,13
1430,xcode,37
1434,dba,6
1437,publications,6
1439,gcc,40
1440,templates,124
1441,freeware,8
1442,pyqt4,8
1445,drupal,15
1448,technical-support,21
1454,synchronization,191
1457,vi,4
1461,admob,1
1463,advertisement,10
1464,game-development,235
1465,simulation,57
1466,demonstration,5
1468,internship,28
1472,ria,7
1473,clr,25
1474,protocol,82
1479,null,121
1485,junior-programmer,84
1492,friends,4
1493,database-design,1276
1495,privacy,36
1500,mootools,3
1501,patterns-and-practices,355
1503,development-approach,30
1506,dependency-injection,631
1512,node.js,491
1521,high-level,24
1522,visual-studio-2008,4
1525,coupling,146
1527,http,369
1528,tcp,85
1531,online-identity,6
1535,web-design,42
1539,type-safety,28
1540,weak-typing,9
1543,localization,71
1547,copy-protection,20
1548,ironpython,4
1554,startup,56
1557,code-kata,5
1560,search,168
1561,law,15
1563,systems-analysis,55
1571,language-discussion,11
1572,command-line,66
1573,editor,15
1575,systems,6
1576,projects-and-solutions,53
1579,monad,44
1581,cucumber,24
1582,specflow,18
1583,xauth,2
1585,active-directory,23
1586,easter-eggs,2
1592,dom,34
1595,dsl,46
1596,runtime,69
1599,swing,54
1600,maintainability,136
1601,measurement,27
1604,change,18
1606,xna,5
1611,msbuild,13
1612,commandline-build-tool,8
1615,software-distribution,31
1617,transition,7
1620,utf-8,20
1621,character-encoding,57
1625,intellisense,9
1626,backward-compatibility,43
1631,file-extension,7
1632,closures,49
1638,hashing,162
1639,strategy,80
1642,r,34
1643,matlab,34
1645,user-experience,130
1647,rewrite,54
1652,generics,155
1653,system,37
1655,offshore,9
1656,bsd-license,101
1657,mit-license,157
1658,ecmascript,27
1660,industry-standard,21
1662,patents,14
1663,trademark,6
1664,evaluation,18
1666,iis,38
1667,virtual-machine,115
1670,python-3.x,147
1671,abstract-class,117
1674,x86,40
1677,knowledge-management,10
1678,knowledge-base,15
1679,sample,3
1681,firefox,21
1682,standards,163
1683,w3c,11
1684,count,6
1685,aggregate,161
1686,dbms,11
1687,web-scraping,44
1688,crawlers,5
1689,forms,30
1690,dictionary,54
1691,fortran,26
1693,export,15
1694,standard-library,21
1697,ssl,35
1704,intellectual-property,25
1705,date-format,32
1706,formatting,30
1707,ambiguity,8
1708,reflector,2
1709,windows-7,12
1710,joomla,9
1713,appstore,53
1714,image-manipulation,40
1716,engineering,110
1717,namespace,96
1718,file-storage,54
1719,class-design,434
1721,bpm,13
1723,business-process,29
1724,postfix,10
1727,development-environment,141
1737,certificate,23
1738,touchscreens,6
1739,asp.net-mvc-3,48
1740,code-snippets,7
1741,client-side,81
1742,server-side,104
1744,desktop-development,12
1750,unix,58
1751,color,25
1752,ipv6,5
1753,future-proof,16
1756,java-ee,149
1757,error-handling,298
1758,real-time,119
1761,repository,247
1763,human-factors,6
1765,noise,5
1766,caching,242
1767,issue-tracking,153
1768,backlog,15
1773,rational-unified-process,14
1779,content-management,24
1781,toolkit,3
1783,developer-tools,18
1786,client-relations,115
1791,natural-language-processing,43
1795,continuous-integration,355
1796,dependencies,203
1797,maven,100
1798,commercial,78
1801,visio,6
1803,finite-state-machine,118
1804,parsing,291
1805,hl7,6
1808,micro-isvs,3
1809,product-development,4
1813,object-oriented-design,1646
1815,ant,9
1816,xunit,20
1817,hudson,5
1818,integration-tests,269
1820,doctrine,15
1822,clojure,91
1826,microsoft-access,21
1827,neural-networks,44
1832,wording,15
1833,windows-registry,8
1835,ocaml,12
1836,numerical-equations,5
1838,software-obsolescence,4
1844,inversion-of-control,135
1845,ioc-containers,50
1846,machine-learning,135
1847,c99,12
1854,prolog,19
1855,proprietary,22
1857,storage,133
1858,linux-kernel,23
1861,negotiation,7
1862,jenkins,58
1864,apache-license,96
1867,ssd,3
1869,bcl,5
1870,couchdb,15
1871,mpl,21
1872,layers,178
1874,forum,5
1879,delegates,44
1881,memory,302
1882,initialization,52
1883,default-values,18
1884,journal,7
1885,im,2
1888,gpu,26
1891,n-tier,87
1897,stack-oriented,7
1898,rdms,4
1899,decompile,10
1900,scrum-master,33
1903,api-design,1080
1908,browser-compatibility,23
1909,code-metrics,28
1910,cyclomatic-complexity,34
1911,tests,21
1914,resharper,15
1915,linux-development,21
1917,sql-server-ce,2
1918,sp1,2
1920,systems-programming,16
1924,rss,9
1925,atom,6
1930,spreadsheet,11
1931,excel,57
1932,hadoop,23
1940,cli,34
1942,multilingual,13
1944,imperative-languages,11
1945,ibm,10
1948,logic-programming,20
1951,feature-requests,14
1954,prefix,7
1964,polyglot,11
1970,workflow-foundation,10
1978,company,17
1981,3d,35
1982,animation,18
1983,reading-code,17
1985,service-bus,36
1986,leadership,13
1987,automatic-update,13
1991,code-sample,7
1992,continuous-delivery,113
1994,grid-computing,6
1996,tomcat,38
1997,postgres,137
1998,hibernate,84
2000,creative-commons,35
2002,stm,3
2006,symfony,30
2011,comet,6
2012,push,25
2015,cloud-computing,137
2016,bitwise-operators,56
2032,lua,28
2033,binding,33
2034,sicp,14
2040,gitflow,135
2044,ssis,11
2045,closed-source,60
2053,backups,33
2055,markup,19
2057,escaping,11
2058,lamp,13
2065,relational-database,375
2069,stub,17
2072,extreme-programming,59
2074,file-systems,97
2076,document,13
2081,tsql,27
2083,interfaces,698
2085,extensibility,49
2088,crm,12
2103,permissions,90
2104,authorization,168
2110,data-warehouse,30
2111,trust,7
2116,technical-manuals,3
2120,ada,8
2128,adobe,4
2133,playframework,15
2137,role,7
2138,division-of-labor,9
2139,test-automation,67
2140,reporting,52
2141,report-generation,13
2143,information-presentation,11
2145,multithreading,663
2148,risk,13
2149,stl,28
2150,boost,26
2154,json,351
2155,csdp,3
2159,struts,4
2161,upgrade,26
2162,schema,86
2166,duck-typing,21
2176,extension-method,21
2179,cross-browser,17
2180,oauth,56
2181,authentication,404
2184,ubuntu,22
2186,text-encoding,25
2189,tablets,7
2196,configuration-management,103
2201,bug-report,37
2203,retrospective,9
2210,geospatial,31
2224,sql-injection,14
2227,hierarchy,49
2228,tagging,29
2232,scope,74
2237,release-management,184
2238,blackberry,4
2239,ado.net,13
2240,transaction,108
2242,eula,13
2248,rad,11
2252,service,78
2262,secure-coding,15
2266,np-complete,9
2268,windows-8,35
2276,fpa,5
2278,query,73
2282,numeric-precision,33
2284,msdn,7
2285,model,121
2287,xslt,22
2290,redis,84
2293,pagination,38
2303,jira,55
2315,program,10
2317,defensive-programming,26
2324,mvp,113
2325,chat,25
2327,soap,59
2334,codefirst,19
2336,immutability,158
2348,defect,21
2353,ftp,19
2358,cqrs,287
2363,parallel-programming,71
2367,login,82
2368,final,22
2374,csda,3
2375,business-intelligence,14
2378,case-insensitivity,5
2380,audit,23
2383,trees,159
2386,text-processing,55
2388,pdf,27
2395,access-control,63
2396,cocoa,14
2399,array,214
2404,user-interaction,17
2407,risk-assesment,5
2409,properties,84
2414,geometry,62
2420,auto-completion,9
2423,normalization,60
2432,verification,52
2435,server,252
2436,webforms,58
2444,type-conversion,27
2447,designer,5
2449,ooad,22
2452,error-detection,24
2454,translate,21
2457,pascal,19
2462,d,7
2465,user-story,167
2469,non-disclosure-agreement,10
2470,http-request,108
2471,http-response,64
2473,dao,55
2475,task,26
2477,web-crawler,22
2478,wikipedia,8
2479,numbers,70
2482,definition,66
2488,octal,3
2495,ooda,2
2497,cmake,30
2499,architectural-patterns,374
2502,object,92
2503,class,287
2507,big-theta,6
2510,project-planning,33
2513,genetic-algorithms,44
2518,manual-testing,18
2524,agpl,46
2528,system-architecture,17
2529,payment,34
2531,multiple-inheritance,50
2533,sinatra,5
2534,class-diagram,164
2537,reflection,51
2538,c++11,173
2542,phpstorm,4
2551,sdk,27
2557,barcode,6
2558,career-development,70
2560,custom-control,5
2565,product-backlog,32
2569,use-case,206
2578,dry,145
2579,domain-specific-languages,11
2580,automatic-programming,5
2583,membership-provider,3
2586,razor,18
2587,multitasking,16
2592,order,19
2593,map,63
2594,visualization,20
2595,static-methods,96
2596,integration,80
2597,unit-of-work,43
2600,rationale,2
2608,cocomo,10
2609,flow,7
2612,p2p,22
2617,multi-platform,28
2619,roles,38
2623,networks,55
2625,observer-pattern,85
2629,visual-foxpro,4
2636,metro,16
2637,winrt,15
2638,suffix-trees,3
2647,https,32
2648,exception-handling,139
2652,files,62
2653,compression,64
2654,indexing,67
2656,code-security,37
2657,flask,38
2660,multitenancy,77
2661,android-development,110
2663,latency,24
2667,make,21
2669,event-programming,225
2671,sequence-diagram,70
2673,graph-traversal,54
2676,directory-structure,47
2680,shell,46
2689,knowledge-transfer,66
2691,declarations,14
2694,case-tools,3
2697,video,34
2698,awt,3
2699,xmlhttprequest,14
2700,presentation-model,5
2702,compatibility,24
2703,modern,6
2705,web-servers,37
2707,ml,2
2709,adapter,25
2710,mongo,20
2713,document-databases,37
2714,stack,79
2715,heap,55
2716,crud,51
2718,word,12
2719,fragmentation,5
2720,allocation,31
2721,malloc,20
2722,procedural,44
2726,svg,5
2729,cvs,7
2733,dart,13
2734,coffeescript,12
2737,forking,55
2739,xpath,5
2741,prince2,3
2744,random,123
2752,eai,7
2758,junit,47
2759,speed,53
2761,explicit,6
2763,virtual-machine-languages,7
2765,structured-programming,14
2767,imperative-programming,34
2777,test-management,6
2778,requirements-management,77
2794,heuristics,15
2795,large-scale-project,33
2798,task-organization,26
2802,graph,190
2804,generalization,6
2806,embedded-systems,174
2807,dynamic-inheritance,7
2811,computer-vision,25
2815,byte,27
2816,mariadb,10
2825,revisions,4
2827,polling,44
2828,io,89
2840,single-responsibility,277
2841,coldfusion,12
2844,buffers,17
2845,polymorphism,193
2846,event-sourcing,255
2851,event,93
2854,usb,11
2856,javadocs,23
2866,mixins,17
2867,com,16
2868,extjs,12
2869,quotations,6
2871,big-data,75
2873,canvas,26
2874,deprecation,24
2875,machine-code,28
2876,dynamic-programming,66
2881,felix,2
2888,exit-strategy,6
2890,routing,51
2892,editor-navigation,5
2894,graph-databases,36
2897,dijkstra,10
2900,crystal-reports,3
2901,ssrs,4
2902,dynamic-data,8
2905,linking,34
2907,cmmi,10
2913,website-performance,20
2915,taocp,6
2916,boolean,67
2917,logic,49
2919,install,8
2921,memcached,14
2922,lexer,44
2924,stacktrace,2
2933,linked-list,37
2936,parser-combinator,6
2939,server-security,16
2943,gettext,5
2957,method-overloading,37
2959,uuid,20
2960,sms,13
2963,component,67
2964,sql-azure,12
2973,technical-writing,10
2976,personal-software-process,2
2978,dynamic-languages,17
2989,rendering,23
2992,turing-completeness,26
2995,effort,6
2996,warranty,3
2997,wizard,4
2998,literate-programming,5
3005,cgi,11
3009,view,40
3010,design-by-contract,30
3012,process-improvement,9
3013,session,104
3015,perforce,10
3018,sharding,39
3019,gtk,8
3027,keys,26
3040,biztalk,4
3042,serialization,132
3045,return-type,48
3046,cron,41
3052,conventions,121
3063,asp.net-mvc-4,61
3068,arm,20
3075,high-performance,30
3078,mongodb,197
3079,rules-engine,31
3084,google-closure,3
3085,ontology,6
3086,semantic-web,12
3090,process,78
3101,state,154
3110,software-patches,17
3114,annotations,36
3116,lucene,14
3123,code-ownership,20
3124,scm,29
3127,entry-point,10
3128,document-management,9
3131,endianness,15
3132,build-system,69
3133,team-foundation-server,150
3139,websockets,129
3141,rule-of-three,5
3144,cookies,52
3146,monkey-patch,6
3147,css3,24
3149,dataflow,21
3150,signals,12
3152,graphical-code,3
3153,firmware,14
3156,cvcs,8
3164,delivery,9
3168,healthcare,5
3170,message-passing,30
3176,object-pascal,3
3180,csv,29
3184,open-close,29
3185,help-documentation,9
3195,heatmap,2
3196,asm,7
3197,locks,76
3199,loops,153
3200,const,35
3204,ascii,17
3210,method-chaining,37
3216,rpc,32
3222,continuation,11
3229,image,40
3232,analytics,38
3235,gerrit,6
3236,sqlite,69
3241,ninject,15
3242,integration-testing,47
3244,keywords,26
3249,queue,66
3251,client,65
3253,naming-standards,160
3258,function-point,5
3259,data-modeling,105
3260,url,51
3263,minify,6
3264,legacy-code,76
3266,spring-mvc,52
3276,development,36
3281,heroku,14
3286,ceylon,1
3289,arithmetic,30
3290,separation-of-concerns,140
3291,include,21
3292,data-replication,34
3294,tail-call,14
3308,oauth2,107
3315,space-technology,8
3316,vba,27
3317,algebraic-data-type,10
3319,merging,68
3321,analogy,8
3323,jsf,23
3328,brookslaw,2
3344,dynamic-linking,21
3348,evidence-based,6
3368,data-flow-diagram,18
3369,local-storage,20
3373,calculus,5
3379,modern-ui,1
3380,visual-studio-2012,11
3382,bitbucket,21
3383,typescript,119
3384,cohesion,25
3389,riak,1
3391,factor,3
3392,forth,5
3393,memory-usage,98
3396,attribution,15
3418,multiprocessing,29
3425,hmac,11
3426,feasibility,6
3429,algorithm-analysis,107
3430,image-processing,55
3434,powershell,17
3435,collections,109
3436,higher-order-functions,28
3440,windows-phone-8,11
3445,dependency-management,119
3447,functional-testing,51
3448,dynamic,23
3453,principles,13
3454,sip,5
3458,asynchronous-programming,173
3466,currying,14
3476,java8,72
3487,static-keyword,8
3489,static-access,37
3490,static-linking,20
3491,cloud,56
3500,yii,3
3505,jboss,7
3506,asp.net-mvc-web-api,90
3514,srs,8
3515,common-lisp,26
3519,filtering,33
3523,visitor-pattern,36
3524,phpunit,27
3528,akka,34
3541,rebol,5
3543,joda-time,2
3551,burndown,13
3569,generic-programming,26
3574,update,10
3575,sublime-text,3
3578,out-parameters,5
3579,mutable,25
3586,floating-point,80
3587,warnings,16
3592,lisp-machine,2
3595,operator-precedence,15
3600,cdn,11
3602,ember.js,6
3605,bit,30
3606,camelcase,7
3608,factory-method,71
3610,3rd-party,10
3611,value-object,47
3620,vbscript,2
3621,sgml,2
3627,ssa,1
3628,redirect,6
3630,protobuf,23
3631,constructors,147
3635,responsive-design,21
3637,register,15
3638,globals,74
3644,upload,14
3651,information-theory,6
3660,hateoas,40
3661,surrogate-keys,9
3662,interoperability,17
3664,solr,8
3667,pull-requests,65
3670,malicious-code,6
3671,plugin-architecture,39
3672,producer-consumer,26
3673,parameters,136
3678,luajit,1
3680,asn.1,2
3682,dogfooding,12
3686,opencl,4
3691,web-api,364
3694,jee,7
3715,common-lisp-object-system,1
3716,bundling,9
3719,ravendb,5
3723,apache-kafka,77
3724,asp-classic,12
3730,google-guice,9
3732,data-integrity,19
3739,gnu,22
3745,activerecord,13
3746,queueing,17
3751,drivers,29
3757,semantic-versioning,117
3759,thrift,3
3761,static,63
3762,instance,19
3763,raii,13
3766,loc,6
3776,angularjs,201
3777,language-specifications,7
3778,docker,113
3780,computation-expressions,10
3786,string-matching,38
3788,boxing,5
3789,c11,4
3793,offline,18
3795,indexeddb,7
3801,date-patterns,6
3807,aws,149
3808,unit-test-data,9
3811,chess,24
3812,racket,6
3818,laravel,129
3819,apache2,6
3825,client-server,174
3826,bootstrap,26
3827,firefoxos,1
3832,preferences,7
3833,settings,30
3839,pci,8
3842,phantomjs,2
3843,currency,7
3844,command-message,12
3850,perceptron,2
3854,package-managers,32
3855,uri,28
3857,brainfuck,4
3866,bytecode,21
3867,jre,3
3874,orchestration,10
3882,polyfill,4
3885,if-statement,31
3890,dispatch,8
3896,gitlab,34
3901,huffman-encoding,11
3906,hooks,14
3919,decorator,47
3920,factory,100
3924,template-method,17
3926,lambda-calculus,11
3929,swift-language,106
3932,circular-dependency,49
3934,yaml,6
3935,pure-function,39
3936,poco,9
3938,calling-conventions,8
3939,osgi,7
3942,compilation,59
3944,purescript,1
3948,typeclass,7
3950,es6,30
3951,windows-runtime,2
3953,cross-language,5
3961,elasticsearch,43
3963,reactive,51
3966,file-formats,22
3967,metadata,13
3973,distributed-system,175
3984,rspec,8
3989,type-theory,6
3991,combinatorics,40
3996,rake,2
3997,finally,5
3999,domain-name-system,14
4000,sql-domain,2
4001,domain-objects,27
4011,amd,5
4017,notify,3
4020,subtypes,9
4026,either,4
4030,bamboo,6
4031,matrices,20
4035,microservices,943
4036,modularization,41
4040,blob,10
4044,trait,18
4045,delegation,14
4050,gradle,17
4051,nuget,46
4052,rust,34
4056,dto,87
4058,posix,15
4059,eventual-consistency,71
4061,stream-processing,82
4066,argparse,5
4068,io.js,2
4071,strong-typing,7
4072,setters,25
4077,webgl,5
4079,functional-requirements,22
4081,lookup,12
4093,aot,4
4094,nginx,22
4095,load-balancing,44
4100,bios,5
4101,abi,7
4111,pipelining,15
4114,ms-dos,3
4123,cygwin,1
4126,less,3
4127,telerik,1
4128,ip-address,17
4136,undefined-behavior,15
4140,asp.net-mvc5,19
4143,devops,81
4144,operations,6
4147,virtual-functions,21
4150,blocking-function-call,4
4156,reference-counting,7
4164,golang,33
4169,type,16
4173,asynchronous,29
4175,rating-systems,2
4176,ranking-systems,7
4179,reactjs,115
4180,path,17
4181,builder-pattern,51
4183,controller,34
4185,mumps,2
4186,shunting-yard,5
4194,furps+,3
4196,behat,3
4197,hexadecimal,12
4201,this,7
4202,windows-10,7
4203,windows-phone-8.1,2
4204,uwp,5
4205,gtest,11
4206,change-management,20
4221,linguistics,4
4225,end-to-end,15
4226,monitoring,27
4230,fossil,2
4235,onion-architecture,68
4236,path-finding,15
4237,a-star,3
4247,vliw,1
4248,callbacks,29
4249,promises,26
4250,backend,125
4254,service-locator,47
4255,abstract-factory,29
4261,proxy,20
4262,dependency-inversion,62
4272,esb,10
4273,camel,5
4274,mongoose,9
4277,subclassing,17
4281,virtual-inheritance,4
4286,matrix,15
4298,notifications,25
4302,flux,7
4308,native,8
4309,wrapper,19
4317,unity3d,22
4320,hashtable,21
4322,hiphop,1
4323,liskov-substitution,94
4325,redux,51
4326,overriding,16
4328,multiple-dispatch,8
4329,google-cloud-datastore,9
4331,pthreads,7
4333,law-of-demeter,13
4338,appcache,2
4339,service-workers,12
4340,unique-data,11
4353,xamarin,32
4357,store,7
4359,typedef,6
4361,hypermedia,2
4366,apache-storm,2
4369,non-functional,11
4371,dapper,9
4373,open-closed-principle,36
4380,batch,6
4382,selenium-webdriver,5
4387,openapi,3
4395,read-only,4
4398,npm,24
4400,antibugging,6
4402,statement,2
4406,angular2,56
4407,getters,22
4417,facade,16
4418,robotframework,1
4419,.net-core,85
4424,spark,19
4425,paging,3
4428,lustre,1
4430,geolocation,17
4432,swagger,9
4435,dynamic-analysis,3
4444,compile-time,13
4446,fail-fast,5
4449,test-scenarios,6
4454,semaphore,16
4455,mutex,18
4457,duplicate-keys,3
4459,asp.net-core,187
4460,submodules,14
4462,data-binding,8
4466,segmentation,4
4467,elm,3
4471,react,66
4472,weak-references,3
4478,untagged,1
4480,large-scale-scrum,3
4481,scaled-agile-framework,10
4483,boolean-logic,5
4487,event-handling,40
4491,logical-operator,6
4493,c++14,18
4494,constants,20
4496,default-method,2
4503,relational-modelling,16
4505,xsd,7
4509,webpack,7
4510,abac,2
4513,servlet,4
4515,correlation,2
4521,ocl,5
4524,data-access,9
4525,google-maps,8
4526,factory-pattern,27
4529,iot,30
4532,react-native,14
4533,jwt,68
4551,repository-pattern,122
4557,cqs,13
4560,scaling,10
4561,pattern-matching,34
4562,socket.io,10
4565,non-determinism,1
4569,hexagonal-architecture,36
4579,map-reduce,5
4587,blockchain,10
4590,strategy-pattern,24
4591,rabbitmq,55
4594,json-schema,7
4602,efcore,21
4611,single-page-apps,24
4613,entity-component-system,22
4618,automata,2
4620,rbac,10
4622,struct,6
4625,control-flow,13
4628,rate-limiting,9
4629,sqlalchemy,9
4630,trie,22
4633,spring-boot,68
4634,boundaries,5
4639,read-model,23
4646,serverless,21
4653,fault-tolerance,13
4661,clean-architecture,193
4667,redux-saga,3
4668,saga,9
4669,command-pattern,12
4678,time-zone,2
4679,planning-poker,3
4680,local-variable,5
4682,azure-devops,17
4683,kubernetes,35
4687,bpmn,18
4690,vue.js,19
4699,teamcity,2
4702,smtp,7
4704,graphql,19
4710,containerization,13
4719,hl7-fhir,1
4720,angular,34
4722,streams,8
4733,react-hooks,3
4736,decision-making,4
4747,protocol-buffers,2
4748,consistency,6
4750,kotlin,22
4755,amqp,6
4757,tracing,3
4759,branch,5
4760,firebase,6
4762,cd,2
4769,multi-file-programming,1
4789,c++-cli,4
4790,tokens,6
4793,pwa,4
4798,security-policy,1
4804,visual-testing,9
4814,reusable,2
4819,grpc,7
4825,action,2
4826,eventgrid,3
4834,subdomain,2
4836,agent-based,2
4838,qr-code,11
4839,microfrontends,12
4849,monorepo,2
4850,cors,1
4857,doxygen,2
4859,customization,2
4863,idempotency,2
4865,toml,1
4866,content-negotiation,1
4867,structured-concurrency,1
4869,information-hiding,1
4872,streaming,1
4873,express.js,1
4877,api-gateway,2
4878,minio,1
4879,symbolic-constants,1
4880,smtp-auth,1
4881,office365,1
